Tweet,favorited,TweetDate,TweetedBy,RetweetCount,Score,Photo
HERE YOU CAN DONATE WHATEVER YOU CAN,FALSE,6/4/2020 18:10,Angelofthesunn,615,0,https://pbs.twimg.com/profile_images/1099999384006098946/NyMiKFHC_normal.jpg
Realtime anomaly detection support in Amazon Elasticsearch Service,FALSE,6/4/2020 18:10,rasensio,0,0.25,https://pbs.twimg.com/profile_images/1111230643336372225/ZIeJWD2__normal.png
Now Install Custom Kernels and Data Science Libraries on EMR clusters directly from EMR Notebooks,FALSE,6/4/2020 18:10,rasensio,0,-0.25,https://pbs.twimg.com/profile_images/1133114318/humanity_normal.jpg
I love that multiple police departments just got slammed with a hardcore AWS bill because they all deployed the same poo,FALSE,6/4/2020 18:10,Cryptidkid_94,1810,0.5,https://pbs.twimg.com/profile_images/1155484426534641664/4FDbbSlC_normal.jpg
AWS is everywhere bro I hate it,FALSE,6/4/2020 18:10,gum_mp3,1,-0.75,https://pbs.twimg.com/profile_images/1156387670161055744/0PBUzGd5_normal.png
We could talk about you putting your AWS certs to use but thats none of my business ,FALSE,6/4/2020 18:10,AoverK,0,0.4,https://pbs.twimg.com/profile_images/1163205867044581377/MdTtf5K5_normal.jpg
Not one to rest on his laurelsor free timecongrats to Brent Shadwell for earning his second certification AWS,FALSE,6/4/2020 18:10,ERPSuites,0,1.4,https://pbs.twimg.com/profile_images/1192537177202274304/4hGL0tqi_normal.jpg
HERE YOU CAN DONATE WHATEVER YOU CAN,FALSE,6/4/2020 18:10,pbsotus_2,615,0,https://pbs.twimg.com/profile_images/1236384618577879040/rv5f9Yn6_normal.jpg
Thank you to our AnacondaCON keynote sponsorand our sponsorsandTake some t,FALSE,6/4/2020 18:10,DataCamp,1,0.9,https://pbs.twimg.com/profile_images/1236384987190042626/TCs-lsps_normal.jpg
Feeling downright dirty on webcam at AdultWorkcomNo registration required,FALSE,6/4/2020 18:10,AsianNova1,0,-0.5,https://pbs.twimg.com/profile_images/1236385656768782337/qLyCviGc_normal.jpg
HERE YOU CAN DONATE WHATEVER YOU CAN,FALSE,6/4/2020 18:10,Julianabrioness,615,0,https://pbs.twimg.com/profile_images/1236386448124903431/MHEZOjqW_normal.jpg
AWS is everywhere bro I hate it,FALSE,6/4/2020 18:10,alexflorias,1,-0.75,https://pbs.twimg.com/profile_images/1236387515004837888/RnY_c6-O_normal.jpg
Someones checking out my hot pics in my Private Gallery now AdultWorkcom,FALSE,6/4/2020 18:10,coIdgirlfever,0,-0.25,https://pbs.twimg.com/profile_images/1236388098910625793/gkyfI9g5_normal.jpg
"Theres a theory that AWSs main profit comes from just their BW charges

AWS bandwidth math is crazy",FALSE,6/4/2020 18:09,shankspeaks,0,-0.35,https://pbs.twimg.com/profile_images/1239310707251974150/fCDYCUKf_normal.jpg
Jeez Everyone should learn about AWS Lambda and Twitter Bots from,FALSE,6/4/2020 18:09,GlobomanticsPe3,0,1.2,https://pbs.twimg.com/profile_images/1240461555185090561/VcuNSSlA_normal.jpg
I love that multiple police departments just got slammed with a hardcore AWS bill because they all deployed the same poo,FALSE,6/4/2020 18:09,losergenerated,1810,1.4,https://pbs.twimg.com/profile_images/1241233219565084673/m-TmpFSp_normal.jpg
Simplifying application orchestration with AWS Step Functions and AWS SAMaws,FALSE,6/4/2020 18:08,pas256,0,0.7,https://pbs.twimg.com/profile_images/1241233302608056326/xG0o11cB_normal.jpg
Realtime anomaly detection support in Amazon Elasticsearch Service AWS,FALSE,6/4/2020 18:07,nickjragusa,0,0.4,https://pbs.twimg.com/profile_images/1241233587892031488/7BDS8GUK_normal.jpg
Now Install Custom Kernels and Data Science Libraries on EMR clusters directly from EMR Notebooks AWS,FALSE,6/4/2020 18:07,nickjragusa,0,-0.25,https://pbs.twimg.com/profile_images/1245372291812229120/1EsQmz2t_normal.jpg
Frantic session on cam at AdultWorkcom catch me now,FALSE,6/4/2020 18:07,BustyBroganXXX,0,-0.75,https://pbs.twimg.com/profile_images/1257399233193402371/FNTb0L-g_normal.jpg
AWSRouterOS as a EC isnt working OUT for some odd reason ,FALSE,6/4/2020 18:07,badvogato,0,0.6,https://pbs.twimg.com/profile_images/1264616851566256128/hsBZVySB_normal.jpg
HERE YOU CAN DONATE WHATEVER YOU CAN,FALSE,6/4/2020 18:07,bumblebisexual,615,0,https://pbs.twimg.com/profile_images/1266256970576572417/BXsi_QBD_normal.png
Another AdultWorkcom member watching my hot movie right nowCUCKOLDGetting Ready Fo,FALSE,6/4/2020 18:07,coIdgirlfever,0,1.35,https://pbs.twimg.com/profile_images/1267894276291211264/dRxZKZ4j_normal.jpg
I love that multiple police departments just got slammed with a hardcore AWS bill because they all deployed the same poo,FALSE,6/4/2020 18:07,therealNemani,1810,0.5,https://pbs.twimg.com/profile_images/944206425319985155/6kJEPwBu_normal.jpg
HERE YOU CAN DONATE WHATEVER YOU CAN,FALSE,6/4/2020 18:06,hjesscaa,615,0,
AWS has managed to bring the deployment of the app forward by a full year AWS supports WHO with sophisticated clo,FALSE,6/4/2020 18:06,EricRwem,0,1.85,
AWS ANSC Advanced Networking Specialty PracticeExam,FALSE,6/4/2020 18:06,UdemyCouponsFC,0,0.75,
Join s session at AWSSummit Online EMEATune in to learn more,FALSE,6/4/2020 18:06,Dilekzd43265418,47,1.05,
I love that multiple police departments just got slammed with a hardcore AWS bill because they all deployed the same poo,FALSE,6/4/2020 18:06,Morp_Mars,1810,0.5,
I love that multiple police departments just got slammed with a hardcore AWS bill because they all deployed the same poo,FALSE,6/4/2020 18:06,aragunde,1810,0.5,
Ok so you need to launch a production AWS instance you need it security hardened and you need it fast Imagine a,FALSE,6/4/2020 18:06,HardPrimeCom,0,-0.75,
A Hands on Crash Course in AWSs Serverless Technologies byinaws,FALSE,6/4/2020 18:06,cyy_ran,1,-0.75,
Linus Torvalds rejects beyond stupid AWSmade Linux patch for Intel CPU Snoop attack infosecht,FALSE,6/4/2020 18:06,LlnuxBot,2,-2.5,
For the pastweek I have been head deep in this course and today I am so so excited to have completed this course and,FALSE,6/4/2020 18:05,Lapys_Arts,1,0.75,
Linus Torvalds rejects beyond stupid AWSmade Linux patch for Intel CPU Snoop attack infosecht,FALSE,6/4/2020 18:05,Solarus0,2,-2.5,
is a remarkable technologist and educator A mustfollow if you are doing anything with AWS or ML,FALSE,6/4/2020 18:05,KeshaWillz,2,0.75,
is offering free courses and training toHoosier job seekers Course topics include cyber security,FALSE,6/4/2020 18:05,IndianaCCT,3,1.1,
Linus Torvalds rejects beyond stupid AWSmade Linux patch for Intel CPU Snoop attack infosec,FALSE,6/4/2020 18:05,teamcymru,2,-2.5,
HERE YOU CAN DONATE WHATEVER YOU CAN,FALSE,6/4/2020 18:04,_daisylennis,615,0,
I am happy to announce the support for AWS Lambda with a very featurerich Terraform module which also takes care of,FALSE,6/4/2020 18:04,timbarray,23,2.25,
"My client based in Randburg has the following urgent vacancies available

Senior AWS Cloud Engineeryrs exp
Fullstac",FALSE,6/4/2020 18:03,Majos_MJ,31,-0.2,
Check out the new picture I have just uploaded to my AdultWorkcom Gallery,FALSE,6/4/2020 18:03,SweetBut_Psycho,0,0.8,
AWS is a member of the COVID Healthcare Coalition Together were coordinating our collective expertise capabi,FALSE,6/4/2020 18:02,rgillam,0,0.35,
HERE YOU CAN DONATE WHATEVER YOU CAN,FALSE,6/4/2020 18:02,reyessreyn,615,0,
"Looking for ways to expand your data science knowledge 

Why not visit the NICD Technical Blog which includes a range of arti",FALSE,6/4/2020 18:02,ccbdcdt,3,1.1,
"Hmm Not sure if I have deployed the latest version on the AWS relay

Since I implemented pipelin",FALSE,6/4/2020 18:02,_KtorZ_,0,0,
Aws lu de,FALSE,6/4/2020 18:02,zyrvioxi,0,0,
Effectual Increases Momentum with Acquisition of AWS Advanced Consulting PartnerAiThority,FALSE,6/4/2020 18:02,ConsultingShow,0,2.05,
A Hands on Crash Course in AWSs Serverless Technologies byinaws,FALSE,6/4/2020 18:01,triggermesh,1,-0.75,
HERE YOU CAN DONATE WHATEVER YOU CAN,FALSE,6/4/2020 18:01,joonseraphim,615,0,
"Looking for ways to expand your data science knowledge 

Why not visit the NICD Technical Blog which includes a range of arti",FALSE,6/4/2020 18:01,digitalinst,3,1.1,
Its a tale ofAWS Clouds ECRDS New paperdatabasemigration sqlserver ,FALSE,6/4/2020 18:01,CorinnaJungjoha,3,0.8,
They launched one years ago called AWS Chime,FALSE,6/4/2020 18:01,PanosJee,0,0.25,
Teradata Vantagewith its marketleading analytic capabilitiesis available right now on Amazon Web Services AWS,FALSE,6/4/2020 18:01,mrtallerjerry,1,1.6,
The Scottish Government uses Rubrik for endtoend securityaudit trails nearzero RTOs and seamless integratio,FALSE,6/4/2020 18:01,rubrikInc,0,0.1,
Yep pretty much it I also spotted you on an AWS blog post a while ago,FALSE,6/4/2020 18:01,johnmayo,0,0.75,
 New Remote Job  Cloud Automation EngineerAws Terraformremotework remotejobs workfromhome,FALSE,6/4/2020 18:01,WorkRemoteFT,0,0.55,
Let me know if of interest gt Business Development Manager VMware Cloud on AWS UKIR,FALSE,6/4/2020 18:01,TechBusinessG,1,0.25,
HERE YOU CAN DONATE WHATEVER YOU CAN,FALSE,6/4/2020 18:00,Leechington,615,0,
The fun part here is that bandwidth on the big cloud providers is notoriously expensive AWS hasnt rev,FALSE,6/4/2020 18:00,shankspeaks,0,0.1,
Dont forgetthis probably is also a GREAT way to rack up a giant AWS bill for them p,FALSE,6/4/2020 18:00,dragontologist,0,0.5,
Im sorry its not Amazon educate but AWS educate,FALSE,6/4/2020 18:00,luqmansen_,0,0.3,
Let me know if of interest gt Business Development Manager VMware Cloud on AWS UKIR,FALSE,6/4/2020 18:00,Paul_Rourke_,1,0.25,
Need guidance on enterprise cloud mobility or big data solutions Be it AWS MSAzure Tableau SAP Bots or more lets have a call,FALSE,6/4/2020 18:00,jaffri,0,1,
AWS EC Image Builder allows for the creation of image build pipelines with specific parameters and runtimes Find,FALSE,6/4/2020 18:00,caylentinc,0,0.1,
These leaders are here to introduce you to the world of Fintech Come hear their stories lessons and insights on,FALSE,6/4/2020 18:00,AlumniStartups,0,0,
WMU AWS Current condition in Makati City as ofTempdegree Celsius Rel Humiditypct Win,FALSE,6/4/2020 18:00,16argsmakati,0,0.5,
New research fromhas identifiedbillion of Chinese economic activities in the Western Balkans since th,FALSE,6/4/2020 18:00,ReconAsia,0,0.55,
EuVantage delivers an analyticsbased enduser centric crossdomain view of the infrastructure smart dashboards,FALSE,6/4/2020 18:00,anuntatech,0,0.5,
Chinas Stateled Semiconductor innovation is a loselose scenario Chinas Uneven HighTech Drive report details,FALSE,6/4/2020 18:00,CSISCBE,0,0.25,
Aneo Aneo launched AWS gameStatus HAT,FALSE,6/4/2020 17:59,AirwaySim,0,0.25,
"SelfPaced Labs 
Get handson practice in a live AWS environment with AWS services and realwor",FALSE,6/4/2020 17:59,David_S_Ying,1,0.4,
I love that multiple police departments just got slammed with a hardcore AWS bill because they all deployed the same poo,FALSE,6/4/2020 17:59,TylerMorrisTNAP,1810,0.5,
God works in mysterious ways God Blessed you and your son,FALSE,6/4/2020 17:59,XrpMark,0,0.85,
AWS Educate is used in more thancountries and territories It connectsinstitutions overeducators,FALSE,6/4/2020 17:59,David_S_Ying,1,0.8,
I just helped make The Complete AWS Machine Learning Course Learn to Code a reality,FALSE,6/4/2020 17:59,drahmadbazzi,1,2.4,
Launch a Linux Virtual Machine with Amazon LightsailLightsail is the easiest way to get start,FALSE,6/4/2020 17:59,David_S_Ying,1,0.7,
I love that multiple police departments just got slammed with a hardcore AWS bill because they all deployed the same poo,FALSE,6/4/2020 17:59,PazivalCat,1810,0.5,
"Introduction to AWS Fargate 
This is an introductory course to AWS Fargate a new AWS service f",FALSE,6/4/2020 17:59,David_S_Ying,1,0.8,
"AWS Shared Responsibility Model 
This course is an introduction to the AWS Shared Responsibilit",FALSE,6/4/2020 17:59,David_S_Ying,1,1.2,
The amazon edu will give you access to all of their cloud service as l,FALSE,6/4/2020 17:58,luqmansen_,0,-0.25,
I just helped make The Complete AWS Machine Learning Course Learn to Code a reality,FALSE,6/4/2020 17:58,MuasZeej,1,2.4,
AWS Cloud Practitioner Essentials Second EditionTake this free digital course to learn the,FALSE,6/4/2020 17:58,David_S_Ying,1,1.05,
the servers are already avai,FALSE,6/4/2020 17:58,hamillm,0,0,
HERE YOU CAN DONATE WHATEVER YOU CAN,FALSE,6/4/2020 17:57,selinamaganaaa,615,0,
Im on cam now at AdultWorkcom Come check me outNo registration required,FALSE,6/4/2020 17:57,wild_milf_roxy,0,0,
Not at all Can go with an EC instance and setup everything yourself or use Lightsail,FALSE,6/4/2020 17:57,cobusbernard,0,0,
HERE YOU CAN DONATE WHATEVER YOU CAN,FALSE,6/4/2020 17:57,evelyn_rhys,615,0,
Teradata Vantagewith its marketleading analytic capabilitiesis available right now on Amazon Web Services,FALSE,6/4/2020 17:57,imadbirouty,1,1.6,
How to integrate AWS Glue with Teradata VantageTDVantage AnswersInTheCloud,FALSE,6/4/2020 17:56,imadbirouty,0,0,
Feeling downright dirty on webcam at AdultWorkcomNo registration required,FALSE,6/4/2020 17:56,nylonteazer,0,0.5,
AWS parsec umvc guide out Long vid but everything needed to set up should be covered Timestamps included to make skipping,FALSE,6/4/2020 17:56,Jason_GameDev,16,1.2,
Hey go buy it Or play on PC probably will test AWS Parsec DFCI eventually,FALSE,6/4/2020 17:55,Jason_GameDev,0,0,
Amazon AWS proudly supports the unique needs of the US Intelligence Community through improved security increased miss,FALSE,6/4/2020 17:55,JosMirek,7,4.25,
Cloud Computing for the US Intelligence Community,FALSE,6/4/2020 17:55,JosMirek,2,0.85,
HERE YOU CAN DONATE WHATEVER YOU CAN,FALSE,6/4/2020 17:55,yessinorrr,615,0,
Teresa Carlson VP of Worldwide Public Sector at Amazons AWS led a fireside chat with Andrew Hallman Deputy Director,FALSE,6/4/2020 17:55,JosMirek,1,0.65,
Navisite acquires Privo to strengthen its AWS service portfolioDataEconomy,FALSE,6/4/2020 17:55,dataeconomy,0,0.5,
Andy Jassy created and runs Amazon Web Services  AWS which has become the worlds leading cloud computing platform,FALSE,6/4/2020 17:55,JosMirek,2,0,
HERE YOU CAN DONATE WHATEVER YOU CAN,FALSE,6/4/2020 17:55,braverylwt18,615,0,
