Tweet,Favourited,TweetDate,TweetedBy,RetweetCount,Score,Photo
Google home mini goggles monitor phone keyboard,FALSE,6/4/2020 17:52,4Qhen,0,0,https://pbs.twimg.com/profile_images/1099999384006098946/NyMiKFHC_normal.jpg
Mount Genie Affordable Essentials Google Home Mini st Gen Outlet Wall Mount Hanger StandA LowCost SpaceSavi,FALSE,6/4/2020 17:25,lorinechang35,0,1.6,https://pbs.twimg.com/profile_images/1111230643336372225/ZIeJWD2__normal.png
DC send in your win and be entered into a raffle to win a GOOGLE HOME MINI ZEROSTRONG DCStrong,FALSE,6/4/2020 16:07,DeMetriusKee,2,0.5,https://pbs.twimg.com/profile_images/1133114318/humanity_normal.jpg
DC send in your win and be entered into a raffle to win a GOOGLE HOME MINI ZEROSTRONG DCStrong,FALSE,6/4/2020 16:01,ZEROCancer,2,0.5,https://pbs.twimg.com/profile_images/1155484426534641664/4FDbbSlC_normal.jpg
"Mike and I dont even talk about our electrics

on
Google
Home Nest Mini",FALSE,6/4/2020 15:52,GentlemanSingh,0,0.4,https://pbs.twimg.com/profile_images/1156387670161055744/0PBUzGd5_normal.png
DC send in your win and be entered into a raffle to win a GOOGLE HOME MINI ZEROSTRONG DCStrong,FALSE,6/4/2020 15:41,ZEROCaitlin,2,0.5,https://pbs.twimg.com/profile_images/1163205867044581377/MdTtf5K5_normal.jpg
Ct Gosund WiFi Outlet with Overload Protection Works with Alexa Google Home Mini WiFi Plug with Timer Function,FALSE,6/4/2020 15:35,familyfrugal,0,0.55,https://pbs.twimg.com/profile_images/1192537177202274304/4hGL0tqi_normal.jpg
Aha Google Home Mini here TuneIn app on phone works so I think its a ,FALSE,6/4/2020 15:11,BrianGreene,0,0.25,https://pbs.twimg.com/profile_images/1236384618577879040/rv5f9Yn6_normal.jpg
Our savvy tech package includes agift card from Amazon SONY wireless noisecancelling stereo headphonesa,FALSE,6/4/2020 15:00,DelMarRotary,0,0.75,https://pbs.twimg.com/profile_images/1236384987190042626/TCs-lsps_normal.jpg
I asked my google home mini yesterday if birds burned in the Mesa Biome and it instead saidSymptoms of this may,FALSE,6/4/2020 14:58,1Ruester1,0,0.6,https://pbs.twimg.com/profile_images/1236385656768782337/qLyCviGc_normal.jpg
Thanks for doing those steps ahead To confirm are you getting a notification in the Google Home,FALSE,6/4/2020 14:38,googlenest,0,1.4,https://pbs.twimg.com/profile_images/1236386448124903431/MHEZOjqW_normal.jpg
Check out this Amazon deal Smart Plug Gosund WiFi Outlet with Overload Protection Works with Alexa Google Home M,FALSE,6/4/2020 13:40,ridersman,0,1.3,https://pbs.twimg.com/profile_images/1236387515004837888/RnY_c6-O_normal.jpg
"RT
Wali Wall Outlet Shelf for Echo Dot Google Home MiniMoreEach

dailyDeal ganga",FALSE,6/4/2020 13:14,CoolDealCA,0,0,https://pbs.twimg.com/profile_images/1236388098910625793/gkyfI9g5_normal.jpg
"New Deal
Wali Wall Outlet Shelf for Echo Dot Google Home MiniMoreEach

daily",FALSE,6/4/2020 13:14,Boneyourmom,1,1.05,https://pbs.twimg.com/profile_images/1239310707251974150/fCDYCUKf_normal.jpg
"Hello
I ordered a mini google home almost a year ago now I was informed that you were out",FALSE,6/4/2020 13:01,FairbrassJames,0,0,https://pbs.twimg.com/profile_images/1240461555185090561/VcuNSSlA_normal.jpg
"New Deal
Wali Wall Outlet Shelf for Echo Dot Google Home MiniMoreEach
",FALSE,6/4/2020 13:00,TheInStockRoom,1,1.05,https://pbs.twimg.com/profile_images/1241233219565084673/m-TmpFSp_normal.jpg
GOOGLE Home MiniCharcoal,FALSE,6/4/2020 12:33,finditatfilibi,1,0,https://pbs.twimg.com/profile_images/1241233302608056326/xG0o11cB_normal.jpg
Uh hey home mini The current guest talking onis not my voice saying Hey Google or Okay Google S,FALSE,6/4/2020 12:19,CerenitysHope,0,0,https://pbs.twimg.com/profile_images/1241233587892031488/7BDS8GUK_normal.jpg
Apa best home mini Ni google punua product en,FALSE,6/4/2020 12:00,bulletofmine,0,0.5,https://pbs.twimg.com/profile_images/1245372291812229120/1EsQmz2t_normal.jpg
Screwless Wall Mount Holder for Google Nest MiniHome Mini Stick On No ScrewsNo Drill Shelf Secure Fit by Br,FALSE,6/4/2020 11:44,jessicaboston78,0,0.9,https://pbs.twimg.com/profile_images/1257399233193402371/FNTb0L-g_normal.jpg
"    

In celebration of Infinites th year anniversary Im sharing this fan made merch designs th",FALSE,6/4/2020 11:30,rvf0902,243,0.75,https://pbs.twimg.com/profile_images/1264616851566256128/hsBZVySB_normal.jpg
"    

In celebration of Infinites th year anniversary Im sharing this fan made merch designs th",FALSE,6/4/2020 11:24,lawyergyu,243,0.75,https://pbs.twimg.com/profile_images/1266256970576572417/BXsi_QBD_normal.png
"    

In celebration of Infinites th year anniversary Im sharing this fan made merch designs th",FALSE,6/4/2020 9:36,Iamnoisyyyy,243,0.75,https://pbs.twimg.com/profile_images/1267894276291211264/dRxZKZ4j_normal.jpg
"Shoutout tofor the 
Google Home Mini 
",FALSE,6/4/2020 8:46,Carbln3s,1,0,https://pbs.twimg.com/profile_images/944206425319985155/6kJEPwBu_normal.jpg
so for the Google home mini He legit,FALSE,6/4/2020 8:46,Carbln3s,1,0,
"I was casually scrolling through some old photos and saw this SHOCK to the conscience 

UWI bookshop last April was s",FALSE,6/4/2020 8:27,FiRa2dWeRl,10,0.75,
Smart Plug Gosund A Smart Home Wifi Outlet Work with Alexa Google Home Pack Mini Socket with Timer Function and,FALSE,6/4/2020 8:05,droneonthemoon,0,0.75,
"My GamingSetup HomeTheatre 

Display LG COLED
Audio Onkyo HTSTHXDolby Atmos
Consoles Xbox One X Sco",FALSE,6/4/2020 8:01,iKunaal,4,0,
Is google home mini worth to considering,FALSE,6/4/2020 7:41,theMiniNino,0,0.75,
Oh mama sending blessings your way Google home mini is likeor less and it can play lullabies,FALSE,6/4/2020 7:27,ineedadamnbreak,0,0.5,
ENTER TO WIN A Google Home Nest Mini smart speaker to help organise entertain and remember all the things you us,FALSE,6/4/2020 6:44,ruth120067,0,1.5,
Ethernet Adapter for Fire TV Stick Chromecast UltraAudio Google Home Mini Mirco USB to RJ Ethernet Adapter w,FALSE,6/4/2020 5:49,droneonthemoon,0,-0.25,
Hi Larry Yes you can associate the Wemo Mini in Apple HomeKit at the same time in Google Home App,FALSE,6/4/2020 5:49,WEMOcares,0,0.8,
The google mini home has to be the worst speaker you could ever own,FALSE,6/4/2020 4:54,TheKeenanWayne,0,0.5,
GOOGLE Home MiniCharcoal,FALSE,6/4/2020 4:31,finditatfilibi,1,0,
TV xStream Ethernet Adapter Silver for Chromecast UltraAudio Google Home Mini Firesticks GenMedia Str,FALSE,6/4/2020 4:19,xrpvdfms,0,0,
Gotcha could you try launching your Google Assistant app on your phone then ask your Google Home,FALSE,6/4/2020 4:05,googlenest,0,0,
"My GamingSetup HomeTheatre 

Display LG COLED
Audio Onkyo HTSTHXDolby Atmos
Consoles Xbox One X Sco",FALSE,6/4/2020 3:52,angadadlakha,4,0,
"    

In celebration of Infinites th year anniversary Im sharing this fan made merch designs th",FALSE,6/4/2020 3:48,joeyi200026,243,0.75,
Hey Patrick thanks for reaching out helps here Wed like to check were you trying to get noti,FALSE,6/4/2020 3:40,googlenest,0,1.9,
If I create a timer on a Google Home Mini then walk away from it can I monitor the timer or be noti,FALSE,6/4/2020 3:23,wattabrownsound,0,0.6,
Outlet Wall Mount Holder Stand Hanger Fit for Google Home Mini Voice AssistantA Space Saving Accessories with Cord,FALSE,6/4/2020 3:04,annpapadakis72,0,1.2,
"    

In celebration of Infinites th year anniversary Im sharing this fan made merch designs th",FALSE,6/4/2020 2:51,jungjjaehyunnie,243,0.75,
"    

In celebration of Infinites th year anniversary Im sharing this fan made merch designs th",FALSE,6/4/2020 2:33,nfazirasabri,243,0.75,
Google Home Mini Stand Holder Retro Alarm Clock Stand Mount Base Protective Case Compatible with Google Home Mini,FALSE,6/4/2020 1:46,droneonthemoon,0,0.25,
"I was casually scrolling through some old photos and saw this SHOCK to the conscience 

UWI bookshop last April was s",FALSE,6/4/2020 1:23,Leonviejo1,10,-0.75,
"I was casually scrolling through some old photos and saw this SHOCK to the conscience 

UWI bookshop last April was s",FALSE,6/4/2020 1:22,JCKNIGHT2,10,0.75,
Tune in to The Straits Times podcast available on Spotify Apple Podcasts Google podcasts and Google HomeMini sma,FALSE,6/4/2020 1:00,nlbsingapore,0,0.8,
Youtube gave me a free google home nest mini and Im not sure if I should use it or sell it lol,FALSE,6/4/2020 0:55,LainiHurley,0,0.5,
"OFF 
WITH CODEHVGRGR

Alexa Smart PlugsAoycocr Mini WIFI Smart Socket Switch Works With Alexa E",FALSE,6/4/2020 0:40,usbuyonline,0,0.75,
"    

In celebration of Infinites th year anniversary Im sharing this fan made merch designs th",FALSE,6/4/2020 0:34,smolliegyu,243,0.75,
JOT Portable Battery Base for Google Home Mini Carbon,FALSE,6/3/2020 23:59,reneevazquez38,0,0.25,
"I was casually scrolling through some old photos and saw this SHOCK to the conscience 

UWI bookshop last April was s",FALSE,6/3/2020 23:33,Theshininghero,10,-0.75,
MyHome mini gets it why dont yall,FALSE,6/3/2020 23:33,Gabriela_126,0,0,
out oversessions offered tomorrALL LISD Elem teachers Many share strategies and tipsteaching ALL our students,FALSE,6/3/2020 23:19,hrobbinsPHE,2,0.5,
"    

In celebration of Infinites th year anniversary Im sharing this fan made merch designs th",FALSE,6/3/2020 22:47,ShineKyusoo,243,0.75,
the google home mini genuinely might be my the worst thing ive ever spent money on and not just because i couldve,FALSE,6/3/2020 22:42,astriecore,0,0.65,
"    

In celebration of Infinites th year anniversary Im sharing this fan made merch designs th",FALSE,6/3/2020 22:31,cocoafredo,243,0.75,
out oversessions offered tomorrALL LISD Elem teachers Many share strategies and tipsteaching ALL our students,FALSE,6/3/2020 22:28,Kwood50603Kathy,2,0.5,
"I was casually scrolling through some old photos and saw this SHOCK to the conscience 

UWI bookshop last April was s",FALSE,6/3/2020 22:24,flipdon_,10,0.75,
Gotcha Could you tell us if youre using the original power adapter Also is your Google Home Mini plug,FALSE,6/3/2020 22:17,googlenest,0,0,
tell your alexa black lives matter and see what she says then tell your google homemini and see the difference,FALSE,6/3/2020 22:14,blackcherryox,0,-0.25,
Uhoh We appreciate your effort in doing those steps To confirm how are you resetting your Google Home,FALSE,6/3/2020 22:11,googlenest,0,0.5,
I showed my grandma how to use a google home mini and its very cute google thank you she yells at it,FALSE,6/3/2020 22:08,ae_marciano,0,1.25,
Google Home Mini Smart Speaker with Google Assistant Charcoal Chalk Coral Aqua Just for yougooglehome,FALSE,6/3/2020 22:08,ZipseHaus,0,0.5,
Google Home Mini Smart Speaker with Google Assistant Charcoal Chalk Coral Aqua Special dealgooglehome,FALSE,6/3/2020 22:07,ZipseHaus,0,1.3,
I got a free google nest mini from youtube last week and i very much enjoy it along with,FALSE,6/3/2020 22:03,AmandaD15316342,0,1.25,
"I was casually scrolling through some old photos and saw this SHOCK to the conscience 

UWI bookshop last April was s",FALSE,6/3/2020 21:44,YogiFreeSpirit,10,-0.75,
Helps here Elle Need help with your Google Home Mini,FALSE,6/3/2020 21:43,googlenest,0,0.8,
I told my google home mini to play kpop and it played Jojo Siwa like,FALSE,6/3/2020 21:40,ItsMinPeachii,0,0.5,
"New Deal YMMVGoogle Home MiniChalk Pack
Found this while looki",FALSE,6/3/2020 21:25,latestBFDeals,0,1.65,
"I was casually scrolling through some old photos and saw this SHOCK to the conscience 

UWI bookshop last April was s",FALSE,6/3/2020 21:02,roseguy64,10,-0.75,
"I was casually scrolling through some old photos and saw this SHOCK to the conscience 

UWI bookshop last April was s",FALSE,6/3/2020 21:00,darienrobertson,10,-0.75,
Googles Smart Light Starter Kit includes a Home Mini more atSavetoToys,FALSE,6/3/2020 21:00,IoTofToday,0,0.5,
ENTER TO WIN A Google Home Nest Mini smart speaker to help organise entertain and remember all the things you us,FALSE,6/3/2020 20:44,pinkspyderuk,0,1.5,
"I was casually scrolling through some old photos and saw this SHOCK to the conscience 

UWI bookshop last April was s",FALSE,6/3/2020 20:40,peakbrat,10,-0.75,
"I was casually scrolling through some old photos and saw this SHOCK to the conscience 

UWI bookshop last April",FALSE,6/3/2020 20:33,lockedbrandon,10,0.75,
Common Google Nest Mini problems and how to fix them,FALSE,6/3/2020 20:31,technology_2021,0,-0.5,
ENTER TO WIN A Google Home Nest Mini smart speaker to help organise entertain and remember all the things you us,FALSE,6/3/2020 20:23,courtneyc_420,0,1.5,
My google home mini has my back,FALSE,6/3/2020 20:23,XmicrojusticeX,0,0,
Hey Justin we know its important to have a stable Bluetooth connection on your Google Home Mini  ou,FALSE,6/3/2020 19:57,googlenest,0,1.75,
ENTER TO WIN A Google Home Nest Mini smart speaker to help organise entertain and remember all the things you us,FALSE,6/3/2020 19:50,LisaWil57909402,0,1.5,
Caremoo Metal Pedestal Stand for Google Nest Mini nd Gen and Google Home Mini st Gen Sound Visibility and Ap,FALSE,6/3/2020 19:18,marionherman93,0,0,
"    

In celebration of Infinites th year anniversary Im sharing this fan made merch designs th",FALSE,6/3/2020 19:07,77aaeeiioouu,243,0.75,
"My GamingSetup HomeTheatre 

Display LG COLED
Audio Onkyo HTSTHXDolby Atmos
Consoles Xbox One X Sco",FALSE,6/3/2020 19:05,ravisawalia,4,0,
Its amazing what my mini home google can play me It serenades me,FALSE,6/3/2020 18:58,KuykendallCorie,0,0.5,
"My GamingSetup HomeTheatre 

Display LG COLED
Audio Onkyo HTSTHXDolby Atmos
Consoles Xbox One X Sco",FALSE,6/3/2020 18:33,milan_says,4,0,
"My GamingSetup HomeTheatre 

Display LG COLED
Audio Onkyo HTSTHXDolby Atmos
Consoles Xbox",FALSE,6/3/2020 18:24,ks_jishnu,4,0,
"    

In celebration of Infinites th year anniversary Im sharing this fan made merch designs th",FALSE,6/3/2020 18:18,amptw,243,0.75,
Got the Huawei P Pro and really didnt realise how much I depended on Google appsHave the Google Home Mini and c,FALSE,6/3/2020 18:15,ScarletSarah89,0,0.25,
Googles Smart Light Starter Kit includes a Home Mini more atSavetoToys,FALSE,6/3/2020 18:00,IoTInformer,0,0.5,
out oversessions offered tomorrALL LISD Elem teachers Many share strategies and tipsteaching ALL our st,FALSE,6/3/2020 17:51,DueckerLisa,2,0.5,
KIWI design Rechargeable Battery Base Compatible with Home Mini by Google st Gen mAh Portable Charger Acces,FALSE,6/3/2020 17:32,droneonthemoon,0,0.75,
I do not get a notification when it disconnects I get Please log on via the Google Home app in respo,FALSE,6/3/2020 17:31,Vikkelspies,0,1,
 Our Transition website for yearstudents coming to our academy in September is now live  Follow this link for an ac,FALSE,6/3/2020 17:31,mini_hoy,3,0.4,
Its a Google home mini anyway How loud can it get Its not a howitzer lol,FALSE,6/3/2020 17:29,DenebolaZenFoto,0,0.25,
Mount Genie Pedestal for Nest Mini nd Gen and Google Home Mini st GenImproves Sound and AppearanceClean,FALSE,6/3/2020 17:24,droneonthemoon,0,0,
Hey Toby thanks for the tweet While our team is looking in on similar reports wed like to get more,FALSE,6/3/2020 16:56,googlenest,0,1.1,
ENTER TO WIN A Google Home Nest Mini smart speaker to help organise entertain and remember all the things you us,FALSE,6/3/2020 16:51,beelzebomb1,0,1.5,
Dieter PeyGoogle Home MiniUnboxingViaDieterPey ContentCreator LifeJournali,FALSE,6/3/2020 16:41,theeaglesvision,4,0,
