Tweet,Favourited,TweetDate,TweetBy,RetweetCount,Score,Photo
Six strategies for marketing agencies to keep your business running during COVID and how to implement them incl,FALSE,6/4/2020 17:32,WordStream,2,0,https://abs.twimg.com/sticky/default_profile_images/default_profile_normal.png
"A Digital Marketing Masterclass Gain useful material
Ive never seen a library of digital advertising training t",FALSE,6/4/2020 17:15,mmags32,0,1.85,https://pbs.twimg.com/profile_images/1176443467871834112/jnwTjPdo_normal.jpg
Google Extends Customer Match to the Display NetworkYourOnlineConversation,FALSE,6/4/2020 17:00,YourOnlineConvo,0,0.4,https://pbs.twimg.com/profile_images/1194291203581210625/ieVjorTb_normal.jpg
Part of the restaurant business and wondering how you can use Facebook ads Check this out from,FALSE,6/4/2020 16:30,LOCALiQ,0,0,https://pbs.twimg.com/profile_images/1195870096402583557/60COfzt3_normal.jpg
Thanks for the interesting article Do you have data like this for the book publishing in,FALSE,6/4/2020 16:09,bethalewis,0,1.85,https://pbs.twimg.com/profile_images/1211892279293698049/PShItWuM_normal.jpg
How do you know whether or not your conversion rates are good or bad According to research by Wordstream the aver,FALSE,6/4/2020 15:30,fetchprofits,0,0,https://pbs.twimg.com/profile_images/1212945746540027905/QazBzKOT_normal.jpg
After youve got your call tracking number set up in Google My Business see our last post here aremore optim,FALSE,6/4/2020 15:03,CallTrac,0,0,https://pbs.twimg.com/profile_images/1226650237990817792/Fxyn-tBE_normal.jpg
Essential Google My Business Optimizations for,FALSE,6/4/2020 14:49,carlostinca,0,0.6,https://pbs.twimg.com/profile_images/1236761857987313664/0rmctEHx_normal.jpg
Know how to prepare your FacebookAds accounts to respond to the current state and then how to ramp back up when yo,FALSE,6/4/2020 14:42,Hoffman8,0,0.1,https://pbs.twimg.com/profile_images/1245233978728161280/zxXO51wP_normal.jpg
just released another report on the impact of Covid onIndustries,FALSE,6/4/2020 14:28,RandyHlavac,0,0,https://pbs.twimg.com/profile_images/1245449802860630016/g1wqXWdL_normal.jpg
One of the things brand comms and marketing teams will continue to struggle with for the near future is tone of messaging,FALSE,6/4/2020 14:27,Autodemo,1,-0.35,https://pbs.twimg.com/profile_images/1248798099973140481/4XbFHaLF_normal.jpg
Newly Updated PPC Benchmarks forIndustries June,FALSE,6/4/2020 14:24,valeriejennings,0,0,https://pbs.twimg.com/profile_images/1258702906997510146/n-mkXvDG_normal.jpg
Essential Google My Business Optimizations forseo eCommerce,FALSE,6/4/2020 14:20,javierccastillo,0,0.6,https://pbs.twimg.com/profile_images/1260343618159681538/AcE-lYhj_normal.jpg
"Fintech experiencing mixed PPC performance during COVID

Fintechs have seen a huge influx of new users in Q",FALSE,6/4/2020 14:15,BradMichelson,0,1.2,https://pbs.twimg.com/profile_images/1263855808800067585/Wbe4ui-Z_normal.jpg
Essential Google My Business Optimizations forMarketing,FALSE,6/4/2020 14:15,Brianna5mith,0,0.6,https://pbs.twimg.com/profile_images/1265355143849086976/5UoJfw-__normal.jpg
Ways to Keep Your Small Marketing Agency Afloat During COVID,FALSE,6/4/2020 14:00,level343,0,0,https://pbs.twimg.com/profile_images/1266005379563036673/4cm3GCCy_normal.jpg
Essential Google My Business Optimizations for,FALSE,6/4/2020 13:34,murthy1983,0,0.6,https://pbs.twimg.com/profile_images/1266134638415818753/08ZrUKG8_normal.jpg
Newly Updated PPC Benchmarks forIndustries June,FALSE,6/4/2020 12:47,agilemediaguy,0,0,https://pbs.twimg.com/profile_images/378800000420418681/3b42595513443b803e3c118f4d8243c8_normal.jpeg
Experts on WhenHow to Ramp Up Your AdSpend During COVID marketlyticsau,FALSE,6/4/2020 12:38,marketlyticsau,0,0,https://pbs.twimg.com/profile_images/721887070000689152/zhufp_ea_normal.jpg
"Using videos on landing pages will increase conversions byWordstream

An interesting stat for those of y",FALSE,6/4/2020 12:32,ScholarofLife1,1,1.25,https://pbs.twimg.com/profile_images/758008372549525504/dNk28IvA_normal.jpg
The StepbyStep Guide to Facebook Ads Recovery,FALSE,6/4/2020 12:22,JohnstonWriter,0,0.85,https://pbs.twimg.com/profile_images/840676824472530946/0P094Ni-_normal.jpg
Thesequick tips can lead to offthecharts Instagram growth instagram socialmedia,FALSE,6/4/2020 12:17,AnthonyGaenzle,0,0.75,https://pbs.twimg.com/profile_images/890996101305688064/iQ1I6iQ3_normal.jpg
Cognitive BiasesHow to Overcome Them On Your Landing Pagesleadgen digitalmarketing,FALSE,6/4/2020 11:45,JeremyHarpham,0,0.5,https://pbs.twimg.com/profile_images/941313628539686912/N_6kNxT4_normal.jpg
,FALSE,6/4/2020 11:40,joeclark947,10,0,https://pbs.twimg.com/profile_images/981363150418206721/2kszj5RQ_normal.jpg
,FALSE,6/4/2020 11:40,joeclark947,4,0,
"SelfDirected Learning Suddenly Becomes Crucial

 Remote Work Is a Skill 

 Its Not for Everyone  and T",FALSE,6/4/2020 11:00,TopCornr,0,1.75,
"Seven Truths about teleworking



 You WILL Feel Left Out Occasionally

 Networking i",FALSE,6/4/2020 11:00,TopCornr,0,0,
Ways to Increase Traffic to Your Website,FALSE,6/4/2020 10:45,WPDigital2,0,0.5,
In my funnel metrics video I discuss benchmark reportsThey often show media performance by industryHere areI us,FALSE,6/4/2020 10:44,deepam22,0,0.4,
The world is changing everydayeven your PPC campaigns Recentlyupdated their PPC benchmarks acrossi,FALSE,6/4/2020 10:28,Olha_Klymenko,2,0,
Tips for YouTubeAdvertising During COVID  marketlyticsau,FALSE,6/4/2020 10:06,marketlyticsau,0,0,
Newly Updated PPC Benchmarks forIndustries JuneDigitalMarketing digital marketing,FALSE,6/4/2020 9:52,unahub,1,0,
Newly Updated PPC Benchmarks forIndustries JuneDigitalMarketing digital marketing,FALSE,6/4/2020 9:51,ActivelySeeking,1,0,
Prospecting Strategies for Rebuilding Your Portfolio During COVID,FALSE,6/4/2020 9:23,SEOforlondon,0,0.8,
Essential Google My Business Optimizations forWordStream,FALSE,6/4/2020 9:22,JChVerro,0,0.6,
"A Digital Marketing Masterclass Gain useful material
Ive never seen a library of digital advertising training this freakin",FALSE,6/4/2020 9:16,philippelele,1,1.85,
"A Digital Marketing Masterclass Gain useful material
Ive never seen a library of digital advertising training t",FALSE,6/4/2020 9:15,mmags32,1,1.85,
Essential Google My Business Optimizations for,FALSE,6/4/2020 9:09,smlbizsuccess,0,0.6,
Newly Updated PPC Benchmarks forIndustries June,FALSE,6/4/2020 7:34,DAIBuilds,0,0,
SaaS Startup Growth Strategies to Try inppc,FALSE,6/4/2020 7:15,Lpagequeen,0,0.5,
Newly Updated PPC Benchmarks forIndustries June,FALSE,6/4/2020 7:02,saraypgh,0,0,
"Accountbased marketing is like personalized marketing on steroids

Complete Beginners Guide to AccountBased M",FALSE,6/4/2020 6:58,abhijitpanda,0,1.9,
Essential Google My Business Optimizations foradvertising,FALSE,6/4/2020 5:25,ivyleaguewriter,0,0.6,
Google Announces CurbsidePickup Promotion OptionsFreeSupport for Small Businesses   ,FALSE,6/4/2020 4:55,marketlyticsau,0,0.5,
,FALSE,6/4/2020 3:45,mysanjeevsingh,10,0,
Essential Google My Business Optimizations for,FALSE,6/4/2020 1:57,buranijacevap17,0,0.6,
Before You Hire an SEO Company Try TheseDIY Tipsgoogle marketing sem,FALSE,6/4/2020 1:29,JonathanHerrick,2,0.6,
Ways to Keep Your Small Marketing Agency Afloat During COVID,FALSE,6/3/2020 23:37,thebobcargill,0,0,
Essential Google My Business Optimizations forSEM Marketing,FALSE,6/3/2020 23:25,ppcguides,0,0.6,
Newly Updated PPC Benchmarks forIndustries Junedigitalmarketing seo ht,FALSE,6/3/2020 23:09,marcflood,1,0,
Essential Google My Business Optimizations for,FALSE,6/3/2020 22:50,PPCStrategy,0,0.6,
Essential Google My Business Optimizations for,FALSE,6/3/2020 22:44,opal_cloud,0,0.6,
Essential Google My Business Optimizations for,FALSE,6/3/2020 22:44,iQmetric,0,0.6,
Essential Google My Business Optimizations for,FALSE,6/3/2020 22:44,Mike_Alley2017,0,0.6,
The world is changing everydayeven your PPC campaigns Recentlyupdated their PPC benchmarks acrossi,FALSE,6/3/2020 21:53,navahf,2,0,
"Newly Updated PPC Benchmarks forIndustries June
DigitalMarketing",FALSE,6/3/2020 21:48,OneLMediaNow,0,0,
"Essential Google My Business Optimizations for
Online DigitalTransformation",FALSE,6/3/2020 21:47,OneLMediaNow,0,0.6,
Essential Google My Business Optimizations for,FALSE,6/3/2020 21:20,Digitvoyager,0,0.6,
The world is changing everydayeven your PPC campaigns Recentlyupdated their PPC benchmarks acros,FALSE,6/3/2020 21:19,MarkIrvine89,2,0,
"Most popular social networks worldwide as of April 

FacebookM active users
YouTube",FALSE,6/3/2020 21:10,bethgsanders,0,0.75,
"A Digital Marketing Masterclass Gain useful material
Ive never seen a library of digital advertising training this freakin",FALSE,6/3/2020 20:31,EmailMktgAlerts,2,1.85,
Essential Google My Business Optimizations for,FALSE,6/3/2020 20:21,barbaraling,0,0.6,
Essential Google My Business Optimizations forppc,FALSE,6/3/2020 20:19,lazworld,0,0.6,
Here areways you can turn your Google listing into amarketing and lead generation tool for your local business h,FALSE,6/3/2020 20:12,umang88,1,0.65,
Business Marketing PPC AddictedPPCEssential Google My Business Optimizations for ,FALSE,6/3/2020 20:07,addicted2ppc,0,0,
Here areways you can turn your Google listing into amarketing and lead generation tool for your local bus,FALSE,6/3/2020 20:06,Ankit_Main,1,0.65,
Essential Google My Business Optimizations fordigitalmarketing,FALSE,6/3/2020 20:04,marcflood,0,0.6,
Essential Google My Business Optimizations for,FALSE,6/3/2020 20:04,superfantech,0,0.6,
Essential Google My Business Optimizations for,FALSE,6/3/2020 20:04,Adtastic,0,0.6,
Essential Google My Business Optimizations for,FALSE,6/3/2020 20:03,OrangeWave_nl,2,0.6,
Essential Google My Business Optimizations for,FALSE,6/3/2020 20:01,BedrijfsAdres,2,0.6,
Essential Google My Business Optimizations for,FALSE,6/3/2020 20:01,RamonTonnaer,2,0.6,
Essential Google My Business Optimizations forsem smm contentstrategy,FALSE,6/3/2020 19:55,MicWonderland,0,0.6,
"Optimizing your Google My Business listing is critical for local business success in 

Here areessential o",FALSE,6/3/2020 19:48,JuliusTrujillo,0,0.15,
Best Practices for Responsive Ads on the GDN,FALSE,6/3/2020 19:15,ppcsolutionsca,0,1.25,
Nice article by,FALSE,6/3/2020 18:45,earnwithmaddy,1,0.5,
Its Wed so guess what its time forCultivatives weekly roundup Check out whats new this week,FALSE,6/3/2020 18:14,Hoffman8,0,0.8,
DirectResponseMarketing Techniques to Drive Action NOW ,FALSE,6/3/2020 17:42,NimrodSanto,0,0.25,
Clients are understandably shaken by the economic impact of COVID and the instinct to tighten purse strings on,FALSE,6/3/2020 17:00,Foxxrinc,0,-0.25,
Newly Updated PPC Benchmarks forIndustries June,FALSE,6/3/2020 16:36,murthy1983,0,0,
Part of the restaurant business and wondering how you can use Facebook ads Check this out from,FALSE,6/3/2020 16:33,LOCALiQ,0,0,
"A Digital Marketing Masterclass Gain useful material
Ive never seen a library of digital advertising training this freakin",FALSE,6/3/2020 16:16,philippelele,2,1.85,
"A Digital Marketing Masterclass Gain useful material
Ive never seen a library of digital advertising training t",FALSE,6/3/2020 16:15,mmags32,2,1.85,
Newly Updated PPC Benchmarks forIndustries June,FALSE,6/3/2020 15:48,hourdinbrice,0,0,
"Optimizing your Google My Business listing is critical for local business success in 

Here areessential o",FALSE,6/3/2020 15:34,WordStream,10,0.15,
In my funnel metrics video I discuss benchmark reportsThey often show media performance by industryHere are,FALSE,6/3/2020 15:23,RandyHlavac,0,0.4,
If you watched the video on Finding Funnel Metrics here arebenchmark reports you can use Enjoy,FALSE,6/3/2020 15:20,PJdiploma,1,0.75,
NUsocialmktg If you watched the video on Finding Funnel Metrics here arebenchmark reports you can use Enj,FALSE,6/3/2020 15:17,Socialmedia_mar,0,0,
If you watched the video on Finding Funnel Metrics here arebenchmark reports you can use Enjoy,FALSE,6/3/2020 15:17,NUsocialmktg,1,0.75,
Inbound Lead Generation StrategiesHow to Make Them WorkVia,FALSE,6/3/2020 14:53,MunirBandali,0,0.65,
Newly Updated PPC Benchmarks forIndustries June,FALSE,6/3/2020 14:42,EterproBirmingh,0,0,
Newly Updated PPC Benchmarks forIndustries JuneGoogleAds,FALSE,6/3/2020 14:21,SzetelaDavid,1,0,
Newly Updated PPC Benchmarks forIndustries JuneMarketing,FALSE,6/3/2020 14:15,Brianna5mith,0,0,
"Our PPC benchmarks have been updated for June 

Reference your updated benchmarks forindustries across
",FALSE,6/3/2020 14:13,WordStream,6,0,
"Have you researched paid advertising for your online business

 andcompiled this industr",FALSE,6/3/2020 14:02,cohoist,0,0,
Newly Updated PPC Benchmarks forIndustries June,FALSE,6/3/2020 13:13,PPCStrategy,0,0,
Ways to Keep Your Small Marketing Agency Afloat During COVID,FALSE,6/3/2020 12:47,agilemediaguy,0,0,
Newly Updated PPC Benchmarks forIndustries June,FALSE,6/3/2020 12:45,dannypenrose,0,0,
"WordStreams Google Ads benchmarks have just been updated for June 
Reference the latest Google Ads benchmarks",FALSE,6/3/2020 12:30,JuliusTrujillo,0,0,
ExpertApproved BB Lead Generation StrategiesPPC YETI,FALSE,6/3/2020 12:02,JM2Webdesigners,0,0.65,
